<?xml version="1.0" encoding="UTF-8"?>
<configurationDescriptor version="88">
  <logicalFolder name="root" displayName="root" projectFiles="true" kind="ROOT">
    <logicalFolder name="HeaderFiles"
                   displayName="Header Files"
                   projectFiles="true">
    </logicalFolder>
    <logicalFolder name="ResourceFiles"
                   displayName="Resource Files"
                   projectFiles="true">
    </logicalFolder>
    <logicalFolder name="SourceFiles"
                   displayName="Source Files"
                   projectFiles="true">
      <itemPath>../GDT/0-Noyau_Start.asm</itemPath>
      <itemPath>../GDT/1-Noyau_Main.c</itemPath>
      <itemPath>API.c</itemPath>
      <itemPath>API.h</itemPath>
      <itemPath>APPEL_SYSTEM.asm</itemPath>
      <itemPath>Appels_Systeme.h</itemPath>
      <itemPath>CALLBACK_EXCEPTION.c</itemPath>
      <itemPath>CALLBACK_EXCEPTION.h</itemPath>
      <itemPath>CALLBACK_IRQ.c</itemPath>
      <itemPath>CALLBACK_IRQ.h</itemPath>
      <itemPath>CallBack_Clavier.c</itemPath>
      <itemPath>CallBack_VIDEO.c</itemPath>
      <itemPath>Descripteurs.c</itemPath>
      <itemPath>Descripteurs.h</itemPath>
      <itemPath>EXCEPTION.asm</itemPath>
      <itemPath>EXCEPTIONS.h</itemPath>
      <itemPath>Ecran.c</itemPath>
      <itemPath>Ecran.h</itemPath>
      <itemPath>HARD_8042_Clavier.asm</itemPath>
      <itemPath>HARD_8042_Clavier.h</itemPath>
      <itemPath>HARD_8253_Timer.asm</itemPath>
      <itemPath>HARD_8253_Timer.h</itemPath>
      <itemPath>INIT_IDT.c</itemPath>
      <itemPath>INIT_IDT.h</itemPath>
      <itemPath>IRQ.asm</itemPath>
      <itemPath>IRQ.h</itemPath>
      <itemPath>../GDT/Info_Boot.h</itemPath>
      <itemPath>Init_GDT.c</itemPath>
      <itemPath>../GDT/Init_GDT.h</itemPath>
      <itemPath>MACRO.h</itemPath>
      <itemPath>Outils.c</itemPath>
      <itemPath>Outils.h</itemPath>
      <itemPath>PIC_8259A.c</itemPath>
      <itemPath>PIC_8259A.h</itemPath>
      <itemPath>PLAN_MEMOIRE.h</itemPath>
      <itemPath>type.h</itemPath>
    </logicalFolder>
    <logicalFolder name="TestFiles"
                   displayName="Test Files"
                   projectFiles="false"
                   kind="TEST_LOGICAL_FOLDER">
    </logicalFolder>
    <logicalFolder name="ExternalFiles"
                   displayName="Important Files"
                   projectFiles="false"
                   kind="IMPORTANT_FILES_FOLDER">
      <itemPath>Makefile</itemPath>
    </logicalFolder>
  </logicalFolder>
  <projectmakefile>Makefile</projectmakefile>
  <confs>
    <conf name="Debug" type="1">
      <toolsSet>
        <remote-sources-mode>LOCAL_SOURCES</remote-sources-mode>
        <compilerSet>default</compilerSet>
      </toolsSet>
      <compileType>
      </compileType>
      <item path="../GDT/0-Noyau_Start.asm" ex="false" tool="4" flavor2="0">
      </item>
      <item path="../GDT/1-Noyau_Main.c" ex="false" tool="0" flavor2="0">
      </item>
      <item path="../GDT/Info_Boot.h" ex="false" tool="3" flavor2="0">
      </item>
      <item path="../GDT/Init_GDT.h" ex="false" tool="3" flavor2="0">
      </item>
      <item path="API.c" ex="false" tool="0" flavor2="0">
      </item>
      <item path="API.h" ex="false" tool="3" flavor2="0">
      </item>
      <item path="APPEL_SYSTEM.asm" ex="false" tool="4" flavor2="0">
      </item>
      <item path="Appels_Systeme.h" ex="false" tool="3" flavor2="0">
      </item>
      <item path="CALLBACK_EXCEPTION.c" ex="false" tool="0" flavor2="0">
      </item>
      <item path="CALLBACK_EXCEPTION.h" ex="false" tool="3" flavor2="0">
      </item>
      <item path="CALLBACK_IRQ.c" ex="false" tool="0" flavor2="0">
      </item>
      <item path="CALLBACK_IRQ.h" ex="false" tool="3" flavor2="0">
      </item>
      <item path="CallBack_Clavier.c" ex="false" tool="0" flavor2="0">
      </item>
      <item path="CallBack_VIDEO.c" ex="false" tool="0" flavor2="0">
      </item>
      <item path="Descripteurs.c" ex="false" tool="0" flavor2="0">
      </item>
      <item path="Descripteurs.h" ex="false" tool="3" flavor2="0">
      </item>
      <item path="EXCEPTION.asm" ex="false" tool="4" flavor2="0">
      </item>
      <item path="EXCEPTIONS.h" ex="false" tool="3" flavor2="0">
      </item>
      <item path="Ecran.c" ex="false" tool="0" flavor2="0">
      </item>
      <item path="Ecran.h" ex="false" tool="3" flavor2="0">
      </item>
      <item path="HARD_8042_Clavier.asm" ex="false" tool="4" flavor2="0">
      </item>
      <item path="HARD_8042_Clavier.h" ex="false" tool="3" flavor2="0">
      </item>
      <item path="HARD_8253_Timer.asm" ex="false" tool="4" flavor2="0">
      </item>
      <item path="HARD_8253_Timer.h" ex="false" tool="3" flavor2="0">
      </item>
      <item path="INIT_IDT.c" ex="false" tool="0" flavor2="0">
      </item>
      <item path="INIT_IDT.h" ex="false" tool="3" flavor2="0">
      </item>
      <item path="IRQ.asm" ex="false" tool="4" flavor2="0">
      </item>
      <item path="IRQ.h" ex="false" tool="3" flavor2="0">
      </item>
      <item path="Init_GDT.c" ex="false" tool="0" flavor2="0">
      </item>
      <item path="MACRO.h" ex="false" tool="3" flavor2="0">
      </item>
      <item path="Outils.c" ex="false" tool="0" flavor2="0">
      </item>
      <item path="Outils.h" ex="false" tool="3" flavor2="0">
      </item>
      <item path="PIC_8259A.c" ex="false" tool="0" flavor2="0">
      </item>
      <item path="PIC_8259A.h" ex="false" tool="3" flavor2="0">
      </item>
      <item path="PLAN_MEMOIRE.h" ex="false" tool="3" flavor2="0">
      </item>
      <item path="type.h" ex="false" tool="3" flavor2="0">
      </item>
    </conf>
    <conf name="Release" type="1">
      <toolsSet>
        <remote-sources-mode>LOCAL_SOURCES</remote-sources-mode>
        <compilerSet>default</compilerSet>
      </toolsSet>
      <compileType>
        <cTool>
          <developmentMode>5</developmentMode>
        </cTool>
        <ccTool>
          <developmentMode>5</developmentMode>
          <commandlineTool> </commandlineTool>
        </ccTool>
        <fortranCompilerTool>
          <developmentMode>5</developmentMode>
        </fortranCompilerTool>
        <asmTool>
          <developmentMode>5</developmentMode>
          <commandLine>-f elf</commandLine>
        </asmTool>
        <linkerTool>
          <output>${CND_DISTDIR}/${CND_CONF}/${CND_PLATFORM}/noyau.oldgdt</output>
          <commandlineTool>i586-pc-elf-ld</commandlineTool>
          <commandLine>-Ttext=0x100000 --entry=_start --oformat i586-pc-elf</commandLine>
        </linkerTool>
      </compileType>
      <item path="../GDT/0-Noyau_Start.asm" ex="false" tool="4" flavor2="0">
      </item>
      <item path="../GDT/1-Noyau_Main.c" ex="false" tool="0" flavor2="0">
      </item>
      <item path="../GDT/Info_Boot.h" ex="false" tool="3" flavor2="0">
      </item>
      <item path="../GDT/Init_GDT.h" ex="false" tool="3" flavor2="0">
      </item>
      <item path="API.c" ex="false" tool="0" flavor2="0">
      </item>
      <item path="API.h" ex="false" tool="3" flavor2="0">
      </item>
      <item path="APPEL_SYSTEM.asm" ex="false" tool="4" flavor2="0">
      </item>
      <item path="Appels_Systeme.h" ex="false" tool="3" flavor2="0">
      </item>
      <item path="CALLBACK_EXCEPTION.c" ex="false" tool="0" flavor2="0">
      </item>
      <item path="CALLBACK_EXCEPTION.h" ex="false" tool="3" flavor2="0">
      </item>
      <item path="CALLBACK_IRQ.c" ex="false" tool="0" flavor2="0">
      </item>
      <item path="CALLBACK_IRQ.h" ex="false" tool="3" flavor2="0">
      </item>
      <item path="CallBack_Clavier.c" ex="false" tool="0" flavor2="0">
      </item>
      <item path="CallBack_VIDEO.c" ex="false" tool="0" flavor2="0">
      </item>
      <item path="Descripteurs.c" ex="false" tool="0" flavor2="0">
      </item>
      <item path="Descripteurs.h" ex="false" tool="3" flavor2="0">
      </item>
      <item path="EXCEPTION.asm" ex="false" tool="4" flavor2="0">
      </item>
      <item path="EXCEPTIONS.h" ex="false" tool="3" flavor2="0">
      </item>
      <item path="Ecran.c" ex="false" tool="0" flavor2="0">
      </item>
      <item path="Ecran.h" ex="false" tool="3" flavor2="0">
      </item>
      <item path="HARD_8042_Clavier.asm" ex="false" tool="4" flavor2="0">
      </item>
      <item path="HARD_8042_Clavier.h" ex="false" tool="3" flavor2="0">
      </item>
      <item path="HARD_8253_Timer.asm" ex="false" tool="4" flavor2="0">
      </item>
      <item path="HARD_8253_Timer.h" ex="false" tool="3" flavor2="0">
      </item>
      <item path="INIT_IDT.c" ex="false" tool="0" flavor2="0">
      </item>
      <item path="INIT_IDT.h" ex="false" tool="3" flavor2="0">
      </item>
      <item path="IRQ.asm" ex="false" tool="4" flavor2="0">
      </item>
      <item path="IRQ.h" ex="false" tool="3" flavor2="0">
      </item>
      <item path="Init_GDT.c" ex="false" tool="0" flavor2="0">
      </item>
      <item path="MACRO.h" ex="false" tool="3" flavor2="0">
      </item>
      <item path="Outils.c" ex="false" tool="0" flavor2="0">
      </item>
      <item path="Outils.h" ex="false" tool="3" flavor2="0">
      </item>
      <item path="PIC_8259A.c" ex="false" tool="0" flavor2="0">
      </item>
      <item path="PIC_8259A.h" ex="false" tool="3" flavor2="0">
      </item>
      <item path="PLAN_MEMOIRE.h" ex="false" tool="3" flavor2="0">
      </item>
      <item path="type.h" ex="false" tool="3" flavor2="0">
      </item>
    </conf>
  </confs>
</configurationDescriptor>
