<?xml version="1.0" encoding="UTF-8"?>
<configurationDescriptor version="88">
  <logicalFolder name="root" displayName="root" projectFiles="true" kind="ROOT">
    <logicalFolder name="HeaderFiles"
                   displayName="Header Files"
                   projectFiles="true">
    </logicalFolder>
    <logicalFolder name="ResourceFiles"
                   displayName="Resource Files"
                   projectFiles="true">
    </logicalFolder>
    <logicalFolder name="SourceFiles"
                   displayName="Source Files"
                   projectFiles="true">
      <itemPath>0-Noyau_Start.asm</itemPath>
      <itemPath>1-Noyau_Main.c</itemPath>
      <itemPath>../../POUR_GRUB_INFO/Ecran.c</itemPath>
      <itemPath>../../POUR_GRUB_INFO/Ecran.h</itemPath>
      <itemPath>../../POUR_GRUB_INFO/Info_Boot.h</itemPath>
      <itemPath>../../POUR_GRUB_INFO/Outils.c</itemPath>
      <itemPath>../../POUR_GRUB_INFO/Outils.h</itemPath>
      <itemPath>main.cpp</itemPath>
    </logicalFolder>
    <logicalFolder name="TestFiles"
                   displayName="Test Files"
                   projectFiles="false"
                   kind="TEST_LOGICAL_FOLDER">
    </logicalFolder>
    <logicalFolder name="ExternalFiles"
                   displayName="Important Files"
                   projectFiles="false"
                   kind="IMPORTANT_FILES_FOLDER">
      <itemPath>Makefile</itemPath>
    </logicalFolder>
  </logicalFolder>
  <projectmakefile>Makefile</projectmakefile>
  <confs>
    <conf name="Debug" type="1">
      <toolsSet>
        <remote-sources-mode>LOCAL_SOURCES</remote-sources-mode>
        <compilerSet>MinGW_ELF|MinGW</compilerSet>
      </toolsSet>
      <compileType>
      </compileType>
      <item path="../../POUR_GRUB_INFO/Ecran.c" ex="false" tool="0" flavor2="0">
      </item>
      <item path="../../POUR_GRUB_INFO/Ecran.h" ex="false" tool="3" flavor2="0">
      </item>
      <item path="../../POUR_GRUB_INFO/Info_Boot.h" ex="false" tool="3" flavor2="0">
      </item>
      <item path="../../POUR_GRUB_INFO/Outils.c" ex="false" tool="0" flavor2="0">
      </item>
      <item path="../../POUR_GRUB_INFO/Outils.h" ex="false" tool="3" flavor2="0">
      </item>
      <item path="0-Noyau_Start.asm" ex="false" tool="4" flavor2="0">
      </item>
      <item path="1-Noyau_Main.c" ex="false" tool="0" flavor2="0">
      </item>
      <item path="main.cpp" ex="false" tool="1" flavor2="0">
      </item>
    </conf>
    <conf name="Release" type="1">
      <toolsSet>
        <remote-sources-mode>LOCAL_SOURCES</remote-sources-mode>
        <compilerSet>default</compilerSet>
      </toolsSet>
      <compileType>
        <cTool>
          <developmentMode>5</developmentMode>
        </cTool>
        <ccTool>
          <developmentMode>5</developmentMode>
        </ccTool>
        <fortranCompilerTool>
          <developmentMode>5</developmentMode>
        </fortranCompilerTool>
        <asmTool>
          <developmentMode>5</developmentMode>
        </asmTool>
      </compileType>
      <item path="../../POUR_GRUB_INFO/Ecran.c" ex="false" tool="0" flavor2="0">
      </item>
      <item path="../../POUR_GRUB_INFO/Ecran.h" ex="false" tool="3" flavor2="0">
      </item>
      <item path="../../POUR_GRUB_INFO/Info_Boot.h" ex="false" tool="3" flavor2="0">
      </item>
      <item path="../../POUR_GRUB_INFO/Outils.c" ex="false" tool="0" flavor2="0">
      </item>
      <item path="../../POUR_GRUB_INFO/Outils.h" ex="false" tool="3" flavor2="0">
      </item>
      <item path="0-Noyau_Start.asm" ex="false" tool="4" flavor2="0">
      </item>
      <item path="1-Noyau_Main.c" ex="false" tool="0" flavor2="0">
      </item>
      <item path="main.cpp" ex="false" tool="1" flavor2="0">
      </item>
    </conf>
  </confs>
</configurationDescriptor>
