<?xml version="1.0" encoding="UTF-8"?>
<configurationDescriptor version="88">
  <logicalFolder name="root" displayName="root" projectFiles="true" kind="ROOT">
    <logicalFolder name="HeaderFiles"
                   displayName="Header Files"
                   projectFiles="true">
      <itemPath>Ecran.h</itemPath>
      <itemPath>Info_Boot.h</itemPath>
      <itemPath>Outils.h</itemPath>
      <itemPath>type.h</itemPath>
    </logicalFolder>
    <logicalFolder name="ResourceFiles"
                   displayName="Resource Files"
                   projectFiles="true">
    </logicalFolder>
    <logicalFolder name="SourceFiles"
                   displayName="Source Files"
                   projectFiles="true">
      <itemPath>0-Noyau_Start.asm</itemPath>
      <itemPath>1-Noyau_Main.c</itemPath>
      <itemPath>Ecran.c</itemPath>
      <itemPath>Outils.c</itemPath>
    </logicalFolder>
    <logicalFolder name="TestFiles"
                   displayName="Test Files"
                   projectFiles="false"
                   kind="TEST_LOGICAL_FOLDER">
    </logicalFolder>
    <logicalFolder name="ExternalFiles"
                   displayName="Important Files"
                   projectFiles="false"
                   kind="IMPORTANT_FILES_FOLDER">
      <itemPath>Makefile</itemPath>
    </logicalFolder>
  </logicalFolder>
  <sourceRootList>
    <Elem>../../POUR_GRUB_INFO</Elem>
  </sourceRootList>
  <projectmakefile>Makefile</projectmakefile>
  <confs>
    <conf name="Debug" type="1">
      <toolsSet>
        <remote-sources-mode>LOCAL_SOURCES</remote-sources-mode>
        <compilerSet>default</compilerSet>
      </toolsSet>
      <compileType>
      </compileType>
      <item path="0-Noyau_Start.asm" ex="false" tool="4" flavor2="0">
      </item>
      <item path="1-Noyau_Main.c" ex="false" tool="0" flavor2="0">
      </item>
      <item path="Ecran.c" ex="false" tool="0" flavor2="0">
      </item>
      <item path="Ecran.h" ex="false" tool="3" flavor2="0">
      </item>
      <item path="Info_Boot.h" ex="false" tool="3" flavor2="0">
      </item>
      <item path="Outils.c" ex="false" tool="0" flavor2="0">
      </item>
      <item path="Outils.h" ex="false" tool="3" flavor2="0">
      </item>
      <item path="type.h" ex="false" tool="3" flavor2="0">
      </item>
    </conf>
    <conf name="Release" type="1">
      <toolsSet>
        <remote-sources-mode>LOCAL_SOURCES</remote-sources-mode>
        <compilerSet>default</compilerSet>
      </toolsSet>
      <compileType>
        <cTool>
          <developmentMode>5</developmentMode>
        </cTool>
        <ccTool>
          <developmentMode>5</developmentMode>
        </ccTool>
        <fortranCompilerTool>
          <developmentMode>5</developmentMode>
        </fortranCompilerTool>
        <asmTool>
          <developmentMode>5</developmentMode>
          <commandLine>-f elf</commandLine>
        </asmTool>
        <linkerTool>
          <output>${CND_DISTDIR}/${CND_CONF}/${CND_PLATFORM}/noyau.defhug</output>
          <commandlineTool>i586-pc-elf-ld.exe</commandlineTool>
          <commandLine>-Ttext=0x100000 --entry=_start --oformat i586-pc-elf</commandLine>
        </linkerTool>
      </compileType>
      <item path="0-Noyau_Start.asm" ex="false" tool="4" flavor2="0">
      </item>
      <item path="1-Noyau_Main.c" ex="false" tool="0" flavor2="0">
      </item>
      <item path="Ecran.c" ex="false" tool="0" flavor2="0">
      </item>
      <item path="Ecran.h" ex="false" tool="3" flavor2="0">
      </item>
      <item path="Info_Boot.h" ex="false" tool="3" flavor2="0">
      </item>
      <item path="Outils.c" ex="false" tool="0" flavor2="0">
      </item>
      <item path="Outils.h" ex="false" tool="3" flavor2="0">
      </item>
      <item path="type.h" ex="false" tool="3" flavor2="0">
      </item>
    </conf>
  </confs>
</configurationDescriptor>
