<?xml version="1.0" encoding="UTF-8"?>
<configurationDescriptor version="88">
  <logicalFolder name="root" displayName="root" projectFiles="true" kind="ROOT">
    <logicalFolder name="HeaderFiles"
                   displayName="Header Files"
                   projectFiles="true">
      <itemPath>SYSCALL/Appels_Systeme.h</itemPath>
      <itemPath>IDT/CALLBACK_EXCEPTION.h</itemPath>
      <itemPath>CALLBACK_IRQ.h</itemPath>
      <itemPath>IDT/Descripteurs.h</itemPath>
      <itemPath>IDT/EXCEPTIONS.h</itemPath>
      <itemPath>Ecran.h</itemPath>
      <itemPath>HARD_8253_Timer.h</itemPath>
      <itemPath>SYSCALL/INIT_IDT.h</itemPath>
      <itemPath>IRQ/IRQ.h</itemPath>
      <itemPath>Info_Boot.h</itemPath>
      <itemPath>../../POUR_GRUB_INFO/Init_GDT.h</itemPath>
      <itemPath>IRQ/MACRO.h</itemPath>
      <itemPath>Outils.h</itemPath>
      <itemPath>IRQ/PIC_8259A.h</itemPath>
      <itemPath>IDT/PLAN_MEMOIRE.h</itemPath>
      <itemPath>type.h</itemPath>
    </logicalFolder>
    <logicalFolder name="ResourceFiles"
                   displayName="Resource Files"
                   projectFiles="true">
    </logicalFolder>
    <logicalFolder name="SourceFiles"
                   displayName="Source Files"
                   projectFiles="true">
      <itemPath>0-Noyau_Start.asm</itemPath>
      <itemPath>../../POUR_GRUB_INFO/2_Noyau_Main.c</itemPath>
      <itemPath>SYSCALL/APPEL_SYSTEM.asm</itemPath>
      <itemPath>IDT/CALLBACK_EXCEPTION.c</itemPath>
      <itemPath>CALLBACK_IRQ.c</itemPath>
      <itemPath>SYSCALL/CallBack_Clavier.c</itemPath>
      <itemPath>SYSCALL/CallBack_VIDEO.c</itemPath>
      <itemPath>Descripteurs.c</itemPath>
      <itemPath>IDT/EXCEPTION.asm</itemPath>
      <itemPath>Ecran.c</itemPath>
      <itemPath>HARD_8253_Timer.asm</itemPath>
      <itemPath>SYSCALL/INIT_IDT.c</itemPath>
      <itemPath>IRQ/IRQ.asm</itemPath>
      <itemPath>Outils.c</itemPath>
      <itemPath>IRQ/PIC_8259A.c</itemPath>
    </logicalFolder>
    <logicalFolder name="TestFiles"
                   displayName="Test Files"
                   projectFiles="false"
                   kind="TEST_LOGICAL_FOLDER">
    </logicalFolder>
    <logicalFolder name="ExternalFiles"
                   displayName="Important Files"
                   projectFiles="false"
                   kind="IMPORTANT_FILES_FOLDER">
      <itemPath>Makefile</itemPath>
    </logicalFolder>
  </logicalFolder>
  <sourceRootList>
    <Elem>../../POUR_GRUB_INFO</Elem>
  </sourceRootList>
  <projectmakefile>Makefile</projectmakefile>
  <confs>
    <conf name="Debug" type="1">
      <toolsSet>
        <remote-sources-mode>LOCAL_SOURCES</remote-sources-mode>
        <compilerSet>default</compilerSet>
      </toolsSet>
      <compileType>
      </compileType>
      <item path="../../POUR_GRUB_INFO/2_Noyau_Main.c"
            ex="false"
            tool="0"
            flavor2="0">
      </item>
      <item path="../../POUR_GRUB_INFO/Init_GDT.h" ex="false" tool="3" flavor2="0">
      </item>
      <item path="0-Noyau_Start.asm" ex="false" tool="4" flavor2="0">
      </item>
      <item path="CALLBACK_IRQ.c" ex="false" tool="0" flavor2="0">
      </item>
      <item path="CALLBACK_IRQ.h" ex="false" tool="3" flavor2="0">
      </item>
      <item path="Descripteurs.c" ex="false" tool="0" flavor2="0">
      </item>
      <item path="Ecran.c" ex="false" tool="0" flavor2="0">
      </item>
      <item path="Ecran.h" ex="false" tool="3" flavor2="0">
      </item>
      <item path="HARD_8253_Timer.asm" ex="false" tool="4" flavor2="0">
      </item>
      <item path="HARD_8253_Timer.h" ex="false" tool="3" flavor2="0">
      </item>
      <item path="IDT/CALLBACK_EXCEPTION.c" ex="false" tool="0" flavor2="0">
      </item>
      <item path="IDT/CALLBACK_EXCEPTION.h" ex="false" tool="3" flavor2="0">
      </item>
      <item path="IDT/Descripteurs.h" ex="false" tool="3" flavor2="0">
      </item>
      <item path="IDT/EXCEPTION.asm" ex="false" tool="4" flavor2="0">
      </item>
      <item path="IDT/EXCEPTIONS.h" ex="false" tool="3" flavor2="0">
      </item>
      <item path="IDT/PLAN_MEMOIRE.h" ex="false" tool="3" flavor2="0">
      </item>
      <item path="IRQ/IRQ.asm" ex="false" tool="4" flavor2="0">
      </item>
      <item path="IRQ/IRQ.h" ex="false" tool="3" flavor2="0">
      </item>
      <item path="IRQ/MACRO.h" ex="false" tool="3" flavor2="0">
      </item>
      <item path="IRQ/PIC_8259A.c" ex="false" tool="0" flavor2="0">
      </item>
      <item path="IRQ/PIC_8259A.h" ex="false" tool="3" flavor2="0">
      </item>
      <item path="Info_Boot.h" ex="false" tool="3" flavor2="0">
      </item>
      <item path="Outils.c" ex="false" tool="0" flavor2="0">
      </item>
      <item path="Outils.h" ex="false" tool="3" flavor2="0">
      </item>
      <item path="SYSCALL/APPEL_SYSTEM.asm" ex="false" tool="4" flavor2="0">
      </item>
      <item path="SYSCALL/Appels_Systeme.h" ex="false" tool="3" flavor2="0">
      </item>
      <item path="SYSCALL/CallBack_Clavier.c" ex="false" tool="0" flavor2="0">
      </item>
      <item path="SYSCALL/CallBack_VIDEO.c" ex="false" tool="0" flavor2="0">
      </item>
      <item path="SYSCALL/INIT_IDT.c" ex="false" tool="0" flavor2="0">
      </item>
      <item path="SYSCALL/INIT_IDT.h" ex="false" tool="3" flavor2="0">
      </item>
      <item path="type.h" ex="false" tool="3" flavor2="0">
      </item>
    </conf>
    <conf name="Release" type="1">
      <toolsSet>
        <remote-sources-mode>LOCAL_SOURCES</remote-sources-mode>
        <compilerSet>default</compilerSet>
      </toolsSet>
      <compileType>
        <cTool>
          <developmentMode>5</developmentMode>
        </cTool>
        <ccTool>
          <developmentMode>5</developmentMode>
        </ccTool>
        <fortranCompilerTool>
          <developmentMode>5</developmentMode>
        </fortranCompilerTool>
        <asmTool>
          <developmentMode>5</developmentMode>
          <commandLine>-f elf</commandLine>
        </asmTool>
        <linkerTool>
          <output>${CND_DISTDIR}/${CND_CONF}/${CND_PLATFORM}/noyau.defhug</output>
          <commandlineTool>i586-pc-elf-ld.exe</commandlineTool>
          <commandLine>-Ttext=0x100000 --entry=_start --oformat i586-pc-elf</commandLine>
        </linkerTool>
      </compileType>
      <item path="../../POUR_GRUB_INFO/2_Noyau_Main.c"
            ex="false"
            tool="0"
            flavor2="0">
      </item>
      <item path="../../POUR_GRUB_INFO/Init_GDT.h" ex="false" tool="3" flavor2="0">
      </item>
      <item path="0-Noyau_Start.asm" ex="false" tool="4" flavor2="0">
      </item>
      <item path="CALLBACK_IRQ.c" ex="false" tool="0" flavor2="0">
      </item>
      <item path="CALLBACK_IRQ.h" ex="false" tool="3" flavor2="0">
      </item>
      <item path="Descripteurs.c" ex="false" tool="0" flavor2="0">
      </item>
      <item path="Ecran.c" ex="false" tool="0" flavor2="0">
      </item>
      <item path="Ecran.h" ex="false" tool="3" flavor2="0">
      </item>
      <item path="HARD_8253_Timer.asm" ex="false" tool="4" flavor2="0">
      </item>
      <item path="HARD_8253_Timer.h" ex="false" tool="3" flavor2="0">
      </item>
      <item path="IDT/CALLBACK_EXCEPTION.c" ex="false" tool="0" flavor2="0">
      </item>
      <item path="IDT/CALLBACK_EXCEPTION.h" ex="false" tool="3" flavor2="0">
      </item>
      <item path="IDT/Descripteurs.h" ex="false" tool="3" flavor2="0">
      </item>
      <item path="IDT/EXCEPTION.asm" ex="false" tool="4" flavor2="0">
      </item>
      <item path="IDT/EXCEPTIONS.h" ex="false" tool="3" flavor2="0">
      </item>
      <item path="IDT/PLAN_MEMOIRE.h" ex="false" tool="3" flavor2="0">
      </item>
      <item path="IRQ/IRQ.asm" ex="false" tool="4" flavor2="0">
      </item>
      <item path="IRQ/IRQ.h" ex="false" tool="3" flavor2="0">
      </item>
      <item path="IRQ/MACRO.h" ex="false" tool="3" flavor2="0">
      </item>
      <item path="IRQ/PIC_8259A.c" ex="false" tool="0" flavor2="0">
      </item>
      <item path="IRQ/PIC_8259A.h" ex="false" tool="3" flavor2="0">
      </item>
      <item path="Info_Boot.h" ex="false" tool="3" flavor2="0">
      </item>
      <item path="Outils.c" ex="false" tool="0" flavor2="0">
      </item>
      <item path="Outils.h" ex="false" tool="3" flavor2="0">
      </item>
      <item path="SYSCALL/APPEL_SYSTEM.asm" ex="false" tool="4" flavor2="0">
      </item>
      <item path="SYSCALL/Appels_Systeme.h" ex="false" tool="3" flavor2="0">
      </item>
      <item path="SYSCALL/CallBack_Clavier.c" ex="false" tool="0" flavor2="0">
      </item>
      <item path="SYSCALL/CallBack_VIDEO.c" ex="false" tool="0" flavor2="0">
      </item>
      <item path="SYSCALL/INIT_IDT.c" ex="false" tool="0" flavor2="0">
      </item>
      <item path="SYSCALL/INIT_IDT.h" ex="false" tool="3" flavor2="0">
      </item>
      <item path="type.h" ex="false" tool="3" flavor2="0">
      </item>
    </conf>
  </confs>
</configurationDescriptor>
