<?xml version="1.0" encoding="UTF-8"?>
<project-private xmlns="http://www.netbeans.org/ns/project-private/1">
    <data xmlns="http://www.netbeans.org/ns/make-project-private/1">
        <activeConfTypeElem>1</activeConfTypeElem>
        <activeConfIndexElem>0</activeConfIndexElem>
    </data>
    <editor-bookmarks xmlns="http://www.netbeans.org/ns/editor-bookmarks/2" lastBookmarkId="0"/>
    <open-files xmlns="http://www.netbeans.org/ns/projectui-open-files/1">
        <file>file:/C:/Users/Clément/Google%20Drive/Drive-Lensys/Google%20Drive/Alternance/OS/Application/29-04-13/0-Noyau_Start.asm</file>
        <file>file:/C:/Users/Clément/Google%20Drive/Drive-Lensys/Google%20Drive/Alternance/OS/POUR_GRUB_INFO/2_Noyau_Main.c</file>
        <file>file:/C:/Users/Clément/Google%20Drive/Drive-Lensys/Google%20Drive/Alternance/OS/Application/29-04-13/type.h</file>
    </open-files>
</project-private>
